{"num_coeffs":{"penalty_obj_ctrl_L2":0.0,"penalty_obj_ctrl_grad_q":15773.100589529427,"penalty_terminal_gradient":1.0412328196584757e6,"penalty_obj_ctrl_laplacian":6.131563705714368e16,"penalty_obj_ctrl_grad_p":0.003943275147382357,"scaling_obj":1,"penalty_obj_ctrl_grad":1.5549418887963348e11,"penalty_terminal_curvature":1.0841657847339398e12},"control_boundary":"fully_free","smoothing_pts":0,"penalization_choice":"forward difference (p,q)"}